名前,緯度,経度,郵便番号,都道府県,市区町村,街区,番地,建物名,住所,Google Map URL,口コミ点数,口コミ件数,営業開始時刻(日・時),営業開始時刻(日・分),営業終了時刻(日・時),営業終了時刻(日・分),営業開始時刻(月・時),営業開始時刻(月・分),営業終了時刻(月・時),営業終了時刻(月・分),営業開始時刻(火・時),営業開始時刻(火・分),営業終了時刻(火・時),営業終了時刻(火・分),営業開始時刻(水・時),営業開始時刻(水・分),営業終了時刻(水・時),営業終了時刻(水・分),営業開始時刻(木・時),営業開始時刻(木・分),営業終了時刻(木・時),営業終了時刻(木・分),営業開始時刻(金・時),営業開始時刻(金・分),営業終了時刻(金・時),営業終了時刻(金・分),営業開始時刻(土・時),営業開始時刻(土・分),営業終了時刻(土・時),営業終了時刻(土・分)
釜あげうどん 長田 in 香の香,133.779634,34.250868,〒765-0031,香川県,善通寺市,金蔵寺町,１１８０,,〒765-0031 香川県 善通寺市 金蔵寺町 １１８０,https://goo.gl/maps/i4o6YfvHHDmfZ7GXA,4.2,4067,9,00,15,00,9,00,15,00,9,00,15,00,定休日,,,,定休日,,,,9,00,15,00,9,00,15,00
手打十段うどん バカ一代,134.058538,34.336742,〒760-0063,香川県,高松市,多賀町,１丁目６−７,,〒760-0063 香川県 高松市 多賀町 １丁目６−７,https://goo.gl/maps/j9qurBxWyjEjXYdHA,4.1,6264,6,00,18,00,6,00,18,00,6,00,18,00,6,00,18,00,6,00,18,00,6,00,18,00,6,00,18,00
山越うどん,133.92821,34.22578,〒761-2207,香川県,綾歌郡綾川町,羽床上,６０２−２,,〒761-2207 香川県 綾歌郡綾川町 羽床上 ６０２−２,https://goo.gl/maps/CeY4X5J81LVWT4xPA,4.2,4369,定休日,,,,9,00,13,30,9,00,13,30,定休日,,,,9,00,13,30,9,00,13,30,9,00,13,30
がもううどん,133.914876,34.304966,〒762-0023,香川県,坂出市,加茂町,４２０−１,,〒762-0023 香川県 坂出市 加茂町 ４２０−１,,,,,,,,,,,,,,,,,,,,,,,,,,,,,,,
日の出製麺所,133.850164,34.310354,〒762-0046,香川県,坂出市,富士見町,１丁目８−５,,〒762-0046 香川県 坂出市 富士見町 １丁目８−５,https://goo.gl/maps/cSEdntVpXV3nxa9M8,4.3,1926,11,30,12,30,11,30,12,30,11,30,12,30,11,30,12,30,11,30,12,30,11,30,12,30,11,30,12,30
讃岐うどん 一福 国分寺本店,133.975319,34.308036,〒769-0101,香川県,高松市,国分寺町新居,１６９−１,,〒769-0101 香川県 高松市 国分寺町新居 １６９−１,https://goo.gl/maps/nyRhRFk3S9RXTeck8,4.2,1428,10,00,14,00,10,00,14,00,10,00,14,00,10,00,14,00,10,00,14,00,定休日,,,,10,00,14,00
本格手打 もり家,134.051499,34.239661,〒761-1704,香川県,高松市,香川町川内原,１５７５−１,,〒761-1704 香川県 高松市 香川町川内原 １５７５−１,https://goo.gl/maps/8Fxk5fNi5rJrdq6z6,4.1,1654,10,30,18,00,10,30,18,00,10,30,18,00,10,30,18,00,定休日,,,,定休日,,,,10,30,18,00
純手打うどん よしや,133.838615,34.265744,〒763-0084,香川県,丸亀市,飯野町東二,３４３−１,,〒763-0084 香川県 丸亀市 飯野町東二 ３４３−１,https://goo.gl/maps/iWRewYfgzJHAbZoM7,4.1,1953,7,00,14,50,7,00,14,50,定休日,,,,7,00,14,50,7,00,14,50,7,00,14,50,7,00,14,50
さか枝うどん 本店,134.041605,34.339807,〒760-0017,香川県,高松市,番町,５丁目２−２３,,〒760-0017 香川県 高松市 番町 ５丁目２−２３,https://goo.gl/maps/5U7eP2Erk96AXfcYA,4.2,1877,定休日,,,,7,00,15,00,7,00,15,00,7,00,15,00,7,00,15,00,7,00,15,00,7,00,17,00
うどん本陣 山田家,134.129625,34.353254,〒761-0121,香川県,高松市,牟礼町牟礼,３１８６,,〒761-0121 香川県 高松市 牟礼町牟礼 ３１８６,,,,,,,,,,,,,,,,,,,,,,,,,,,,,,,
さぬきうどん上原屋 本店,134.045384,34.327118,〒760-0073,香川県,高松市,栗林町,１丁目１８−８,,〒760-0073 香川県 高松市 栗林町 １丁目１８−８,https://goo.gl/maps/DYiX29jNXyH45D7f7,4.2,1978,定休日,,,,9,30,15,30,9,30,15,30,9,30,15,30,9,30,15,30,9,30,15,30,9,30,15,30
本格手打ちうどん おか泉,133.820996,34.30929,〒769-0208,香川県,綾歌郡宇多津町,浜八番丁,１２９−１０,,〒769-0208 香川県 綾歌郡宇多津町 浜八番丁 １２９−１０,https://goo.gl/maps/DfTiwCUicS6SmQiSA,4.3,2666,10,45,19,00,定休日,,,,定休日,,,,11,00,19,00,11,00,19,00,11,00,19,00,10,45,19,00
須崎食料品店,133.769584,34.175097,〒767-0014,香川県,三豊市,高瀬町上麻,３７７８,,〒767-0014 香川県 三豊市 高瀬町上麻 ３７７８,https://goo.gl/maps/macP3gAYnqCTrTc67,4.5,1530,9,00,11,30,9,00,11,30,9,00,11,30,定休日,,,,9,00,11,30,9,00,11,30,9,00,11,30
谷川米殻店,133.976358,34.111362,〒766-0203,香川県,仲多度郡まんのう町,川東,１４９０,,〒766-0203 香川県 仲多度郡まんのう町 川東 １４９０,https://goo.gl/maps/XziYdYMNmJydGb5s9,4.2,1261,定休日,,,,10,30,13,30,10,30,13,30,10,30,13,30,10,30,13,30,10,30,13,30,10,30,13,30
ふる里うどん,134.100639,34.275665,〒761-0443,香川県,高松市,川島東町,５２３−４,,〒761-0443 香川県 高松市 川島東町 ５２３−４,,,,,,,,,,,,,,,,,,,,,,,,,,,,,,,
セルフうどんの店 竹清（ちくせい）,134.042308,34.33811,〒760-0006,香川県,高松市,亀岡町,２−２３,,〒760-0006 香川県 高松市 亀岡町 ２−２３,https://goo.gl/maps/PQFGMTXvHbg2b1nU7,4.3,1748,定休日,,,,定休日,,,,10,45,14,30,10,45,14,30,10,45,14,30,10,45,14,30,10,45,14,30
うどん はゆか,133.904769,34.232419,〒761-2308,香川県,綾歌郡綾川町,羽床下,２２２２−５,,〒761-2308 香川県 綾歌郡綾川町 羽床下 ２２２２−５,https://goo.gl/maps/sX6fbCp5TGtPnoFJ6,4.0,1194,10,00,15,30,定休日,,,,10,00,15,30,10,00,15,30,10,00,15,30,10,00,15,30,10,00,15,30
山下うどん,133.817722,34.229872,〒765-0040,香川県,善通寺市,与北町,２８４−１,,〒765-0040 香川県 善通寺市 与北町 ２８４−１,,,,,,,,,,,,,,,,,,,,,,,,,,,,,,,
西端手打 上戸うどん,133.6189,34.048,〒769-1604,香川県,観音寺市,豊浜町箕浦,９７４−１,,〒769-1604 香川県 観音寺市 豊浜町箕浦 ９７４−１,https://goo.gl/maps/yEXDxykTZjrDpS796,4.1,946,6,00,14,00,6,00,14,00,6,00,14,00,6,00,14,00,6,00,14,00,6,00,14,00,6,00,14,00
中村うどん,133.807368,34.300399,〒763-0082,香川県,丸亀市,土器町東,９丁目２８３,,〒763-0082 香川県 丸亀市 土器町東 ９丁目２８３,,,,,,,,,,,,,,,,,,,,,,,,,,,,,,,
山内うどん,133.829751,34.137037,〒769-0316,香川県,仲多度郡まんのう町,大口,１０１０,,〒769-0316 香川県 仲多度郡まんのう町 大口 １０１０,https://goo.gl/maps/TekttoySQCwtb9oT7,4.2,1616,9,00,13,30,9,00,13,30,9,00,13,30,9,00,13,30,定休日,,,,9,00,13,30,9,00,13,30
なかむらうどん,133.835753,34.260443,〒762-0087,香川県,丸亀市,飯山町西坂元,１３７３−３,,〒762-0087 香川県 丸亀市 飯山町西坂元 １３７３−３,,,,,,,,,,,,,,,,,,,,,,,,,,,,,,,
手打うどん田村,133.935314,34.266514,〒761-2103,香川県,綾歌郡綾川町,陶,１０９０－３,,〒761-2103 香川県 綾歌郡綾川町 陶 １０９０－３,https://goo.gl/maps/8FJhji8BzGKgxyzo9,4.1,835,定休日,,,,9,00,13,00,9,00,13,00,9,00,13,00,9,00,13,00,9,00,13,00,9,00,13,00
わら家,134.108235,34.343744,〒761-0112,香川県,高松市,屋島中町,９１,,〒761-0112 香川県 高松市 屋島中町 ９１,https://goo.gl/maps/NvAiLHCzxTx4tqH37,4.1,2321,9,30,17,30,9,30,17,30,9,30,17,30,9,30,17,30,9,30,17,30,9,30,17,30,9,30,17,30
手打ちうどん 鶴丸,134.052396,34.342381,〒760-0045,香川県,高松市,古馬場町,９−３４,,〒760-0045 香川県 高松市 古馬場町 ９−３４,https://goo.gl/maps/UX2JAiKEHLLWaGXe8,4.1,1549,定休日,,,,定休日,,,,定休日,,,,定休日,,,,20,00,2,00,20,00,2,00,20,00,2,00
手打ちうどん 大蔵,134.046574,34.32379,〒761-8063,香川県,高松市,花ノ宮町,３丁目４−１２,,〒761-8063 香川県 高松市 花ノ宮町 ３丁目４−１２,https://goo.gl/maps/7cdqnJoZUEuBZaReA,4.1,320,定休日,,,,10,30,14,15,10,30,14,15,10,30,14,15,定休日,,,,10,30,14,15,10,30,14,15
めりけんや 高松駅前店,134.047329,34.349719,〒760-0021,香川県,高松市,西の丸町,６−２０,,〒760-0021 香川県 高松市 西の丸町 ６−２０,https://goo.gl/maps/of2ZQgZPrsGzVeg69,3.8,1958,7,00,20,00,7,00,20,00,7,00,20,00,7,00,20,00,7,00,20,00,7,00,20,00,7,00,20,00
元祖しょうゆうどん 小縣家,133.858997,34.185367,〒766-0023,香川県,仲多度郡まんのう町,吉野,１２９８−２,,〒766-0023 香川県 仲多度郡まんのう町 吉野 １２９８−２,https://goo.gl/maps/qkwpWTz2zD9C5iqF6,3.8,898,10,30,14,30,10,30,14,30,10,30,14,30,10,30,14,30,10,30,14,30,10,30,14,30,10,30,14,30
松下製麺所,134.044788,34.335077,〒760-0008,香川県,高松市,中野町,２−２,,〒760-0008 香川県 高松市 中野町 ２−２,https://goo.gl/maps/wRcjE2FAbzBAaiiT6,4.1,1266,定休日,,,,7,00,15,00,7,00,15,00,7,00,15,00,7,00,15,00,7,00,15,00,7,00,15,00
中西うどん,134.029456,34.302214,〒761-8082,香川県,高松市,鹿角町,８２３−１,,〒761-8082 香川県 高松市 鹿角町 ８２３−１,https://goo.gl/maps/pNUpGg6R1S9QVMeP6,3.9,1267,7,00,14,00,7,00,15,00,定休日,,,,7,00,15,00,7,00,15,00,7,00,15,00,7,00,14,00
麺処 綿谷 丸亀店,133.79616,34.296312,〒763-0015,香川県,丸亀市,北平山町,２丁目６−１８,,〒763-0015 香川県 丸亀市 北平山町 ２丁目６−１８,https://goo.gl/maps/VyGAzkC79kLDfcfw5,4.3,2609,定休日,,,,8,30,14,00,8,30,14,00,8,30,14,00,8,30,14,00,8,30,14,00,8,30,14,00
池上製麺所,134.024642,34.246197,〒761-1705,香川県,高松市,香川町川東下,８９９−１,,〒761-1705 香川県 高松市 香川町川東下 ８９９−１,https://goo.gl/maps/XAfSGW49D1PTPTid6,3.8,937,10,30,14,00,定休日,,,,定休日,,,,10,30,14,00,10,30,14,00,10,30,14,00,10,30,14,00
うどん市場 兵庫町店,134.0488,34.34645,〒760-0024,香川県,高松市,兵庫町,２−８,ひらのやビル,〒760-0024 香川県 高松市 兵庫町 ２−８ ひらのやビル,https://goo.gl/maps/uMoPTgUo5gj3A3Dr8,3.6,591,定休日,,,,11,00,17,00,11,00,20,00,11,00,20,00,11,00,20,00,11,00,20,00,11,00,20,00
うどんや カマ喜ri,133.676606,34.112716,〒768-0040,香川県,観音寺市,柞田町,４６−３,,〒768-0040 香川県 観音寺市 柞田町 ４６−３,https://goo.gl/maps/BNN7ZF86z7zKFQbx9,4.1,571,定休日,,,,11,00,14,00,11,00,14,00,11,00,13,00,11,00,14,00,11,00,14,00,11,00,14,00
宮武うどん,133.998372,34.29386,〒761-8044,香川県,高松市,円座町,３４０−１,,〒761-8044 香川県 高松市 円座町 ３４０−１,https://goo.gl/maps/7ey8VxyHrgEY1quw6,4.0,1077,9,30,15,00,9,30,15,00,9,30,15,00,定休日,,,,9,30,15,00,9,30,15,00,9,30,15,00
手打ちうどん麦蔵,134.060321,34.347775,〒760-0066,香川県,高松市,福岡町,１丁目４８２−５,,〒760-0066 香川県 高松市 福岡町 １丁目４８２−５,https://goo.gl/maps/8KK8CeNV7BoUZFMr9,4.0,495,11,00,14,00,11,00,14,00,11,00,14,00,11,00,14,00,定休日,,,,11,00,14,00,11,00,14,00
長田うどん,133.857542,34.185113,〒766-0023,香川県,仲多度郡まんのう町,吉野,１２９０−１,,〒766-0023 香川県 仲多度郡まんのう町 吉野 １２９０−１,,,,,,,,,,,,,,,,,,,,,,,,,,,,,,,
宮川製麺所,133.771938,34.231438,〒765-0073,香川県,善通寺市,中村町,１丁目１−２０,,〒765-0073 香川県 善通寺市 中村町 １丁目１−２０,https://goo.gl/maps/ySxF4A2hSt6bvEmh9,4.0,1392,定休日,,,,8,00,18,00,8,00,18,00,8,00,18,00,8,00,18,00,8,00,18,00,8,00,18,00
山下うどん,133.919709,34.299847,〒762-0023,香川県,坂出市,加茂町,１４７−１,,〒762-0023 香川県 坂出市 加茂町 １４７−１,,,,,,,,,,,,,,,,,,,,,,,,,,,,,,,
三嶋製麺所,133.96135,34.141975,〒766-0203,香川県,仲多度郡まんのう町,川東,２７６,,〒766-0203 香川県 仲多度郡まんのう町 川東 ２７６,,,,,,,,,,,,,,,,,,,,,,,,,,,,,,,
麺処 綿谷 高松店,134.049338,34.339254,〒760-0051,香川県,高松市,南新町,８−１１,,〒760-0051 香川県 高松市 南新町 ８−１１,https://goo.gl/maps/rm93X85VTTFpuW2R6,4.2,1250,定休日,,,,8,30,14,00,8,30,14,00,8,30,14,00,8,30,14,00,8,30,14,00,8,30,14,00
川福 本店,134.051949,34.344896,〒760-0042,香川県,高松市,大工町,２−１,,〒760-0042 香川県 高松市 大工町 ２−１,https://goo.gl/maps/7LjMt8GxM4gMVtRL8,4.0,741,11,00,14,00,11,00,14,00,定休日,,,,11,00,14,00,11,00,14,00,11,00,14,00,11,00,14,00
三好うどん,133.692196,34.182187,〒767-0004,香川県,三豊市,高瀬町比地,１５８３−１,,〒767-0004 香川県 三豊市 高瀬町比地 １５８３−１,,,,,,,,,,,,,,,,,,,,,,,,,,,,,,,
手打うどん 三徳,134.068986,34.292691,〒761-0301,香川県,高松市,林町,３９０−１,,〒761-0301 香川県 高松市 林町 ３９０−１,https://goo.gl/maps/F93DwurXiUKJUkiH8,4.1,717,11,00,16,00,11,00,16,00,11,00,16,00,11,00,16,00,定休日,,,,11,00,16,00,11,00,16,00
ゴッドハンド,134.053602,34.346587,〒760-0034,香川県,高松市,内町,４−１,,〒760-0034 香川県 高松市 内町 ４−１,https://goo.gl/maps/8Xp3eN8TZ1A8seQf6,3.8,437,10,00,15,00,10,00,15,00,10,00,15,00,10,00,15,00,10,00,15,00,10,00,15,00,10,00,15,00
おうどん 瀬戸晴れ,134.10485,34.324455,〒761-0121,香川県,高松市,牟礼町牟礼,２６９４−１,,〒761-0121 香川県 高松市 牟礼町牟礼 ２６９４−１,https://goo.gl/maps/YmnVHthnDkZoWX2GA,4.1,873,9,00,15,00,9,00,15,00,9,00,15,00,9,00,15,00,定休日,,,,9,00,15,00,9,00,15,00
手打麺や 大島,134.05094,34.302871,〒761-8073,香川県,高松市,太田下町,３０１３−１,,〒761-8073 香川県 高松市 太田下町 ３０１３−１,https://goo.gl/maps/LadWAvYbcBKZw3p9A,4.2,587,9,30,15,00,9,30,15,00,9,30,15,00,9,30,15,00,9,30,15,00,9,30,15,00,9,30,15,00
本格手打ちうどん 麺むすび,134.05769,34.3065,〒761-8075,香川県,高松市,多肥下町,１５０１−４,,〒761-8075 香川県 高松市 多肥下町 １５０１−４,https://goo.gl/maps/82aGTH15u13zeCQ56,4.1,424,10,30,14,30,定休日,,,,定休日,,,,10,30,14,30,10,30,14,30,10,30,14,30,10,30,14,30
根ッ子うどん,133.75253,34.258709,〒764-0033,香川県,仲多度郡多度津町,青木,５６５−２,,〒764-0033 香川県 仲多度郡多度津町 青木 ５６５−２,https://goo.gl/maps/ZrZStjatYdnBWGiz6,4.2,581,10,30,14,00,10,30,14,00,10,30,14,00,定休日,,,,10,30,14,00,10,30,14,00,10,30,14,00
手打ちうどん 風月,134.047518,34.344879,〒760-0027,香川県,高松市,紺屋町,４−１３,,〒760-0027 香川県 高松市 紺屋町 ４−１３,https://goo.gl/maps/7ircsd8HCZHZMJxW7,4.2,457,定休日,,,,11,15,14,00,11,15,14,00,11,15,14,00,11,15,14,00,11,15,14,00,11,15,14,00
さか枝うどん 春日店,134.092822,34.328947,〒761-0101,香川県,高松市,春日町,１０７５,,〒761-0101 香川県 高松市 春日町 １０７５,,,,,,,,,,,,,,,,,,,,,,,,,,,,,,,
手打ちうどん ひさ枝了の店,134.010618,34.35356,〒761-8031,香川県,高松市,郷東町,７９６−５３,,〒761-8031 香川県 高松市 郷東町 ７９６−５３,https://goo.gl/maps/QYuQzdPk9msmbGSQA,4.1,846,7,00,14,00,7,00,14,00,7,00,14,00,7,00,14,00,7,00,14,00,7,00,14,00,7,00,14,00
うどん家 まはる,134.103068,34.325714,〒761-0102,香川県,高松市,新田町甲,５９９−３,,〒761-0102 香川県 高松市 新田町甲 ５９９−３,,,,,,,,,,,,,,,,,,,,,,,,,,,,,,,
こんぴらうどん 参道店,133.817912,34.186992,〒766-0001,香川県,仲多度郡琴平町,,８１０−３,,〒766-0001 香川県 仲多度郡琴平町 ８１０−３,https://goo.gl/maps/299KkvusWquthEUq5,3.9,900,9,00,16,00,9,00,16,00,9,00,16,00,9,00,16,00,9,00,16,00,9,00,16,00,9,00,16,00
麦香うどん,133.857769,34.216512,〒761-2401,香川県,丸亀市,綾歌町岡田上,１８９８−３,,〒761-2401 香川県 丸亀市 綾歌町岡田上 １８９８−３,https://goo.gl/maps/tDVyzsfbUVLwQBKx8,4.2,863,10,00,15,00,10,00,15,00,10,00,15,00,定休日,,,,10,00,15,00,10,00,15,00,10,00,15,00
セルフ釜揚げうどん岡じま 丸亀店,133.776597,34.286528,〒763-0065,香川県,丸亀市,塩屋町,３丁目１１−２４,,〒763-0065 香川県 丸亀市 塩屋町 ３丁目１１−２４,https://goo.gl/maps/rssUGB55kDwVTDft6,3.7,667,6,00,15,00,6,00,15,00,6,00,15,00,6,00,15,00,6,00,15,00,6,00,15,00,6,00,15,00
うどん職人 さぬき麺之介,134.052837,34.341019,〒760-0052,香川県,高松市,瓦町,１丁目７−３,,〒760-0052 香川県 高松市 瓦町 １丁目７−３,https://goo.gl/maps/BVKSK3iW4Rmj3JhF7,3.3,425,8,00,16,00,9,00,16,00,9,00,16,00,9,00,16,00,9,00,16,00,9,00,16,00,8,00,16,00
讃岐うどん やなぎ屋,133.843078,34.322135,〒762-0053,香川県,坂出市,西大浜北,２丁目４８−２２,,〒762-0053 香川県 坂出市 西大浜北 ２丁目４８−２２,https://goo.gl/maps/AsHkCSRHnsG5oZi2A,3.8,1090,定休日,,,,6,00,20,00,6,00,20,00,6,00,20,00,6,00,20,00,6,00,20,00,6,00,20,00
手打ちうどん つるや,133.667123,34.126974,〒768-0067,香川県,観音寺市,坂本町,３丁目７−１８,,〒768-0067 香川県 観音寺市 坂本町 ３丁目７−１８,,,,,,,,,,,,,,,,,,,,,,,,,,,,,,,
本場讃岐うどんたも屋 高松本店,134.064237,34.35706,〒760-0064,香川県,高松市,朝日新町,１−１６,,〒760-0064 香川県 高松市 朝日新町 １−１６,https://goo.gl/maps/ct942Nxnzj89dYy78,4.0,767,8,00,15,00,8,00,15,00,8,00,15,00,8,00,15,00,8,00,15,00,8,00,15,00,8,00,15,00
手打ちうどん はりや,134.015146,34.349356,〒761-8031,香川県,高松市,郷東町,５８７−１７４,,〒761-8031 香川県 高松市 郷東町 ５８７−１７４,https://goo.gl/maps/r3VV2wvB6825WgGp7,4.2,861,定休日,,,,11,00,14,00,11,00,14,00,11,00,14,00,11,00,14,00,11,00,14,00,11,00,14,00
さぬき一番 一宮店,134.033006,34.287706,〒761-8083,香川県,高松市,三名町,１０５−２,,〒761-8083 香川県 高松市 三名町 １０５−２,https://goo.gl/maps/7pQv1XBc1HP3eLBE6,3.5,406,10,00,21,00,定休日,,,,10,00,21,00,10,00,21,00,10,00,21,00,10,00,21,00,10,00,21,00
白川うどん,133.802423,34.224375,〒765-0051,香川県,善通寺市,櫛梨町,５００−１,,〒765-0051 香川県 善通寺市 櫛梨町 ５００−１,https://goo.gl/maps/aiB9dghzVoFcztrC8,3.9,430,9,30,15,00,9,30,15,00,定休日,,,,9,30,15,00,9,30,15,00,9,30,15,00,9,30,15,00
しんぺいうどん,134.049116,34.338233,〒760-0053,香川県,高松市,田町,１３−６,,〒760-0053 香川県 高松市 田町 １３−６,https://goo.gl/maps/Bh91ymRJMBj7MkfQ9,4.2,627,17,30,21,00,定休日,,,,17,30,21,00,17,30,21,00,17,30,21,00,17,30,21,00,17,30,21,00
岡じま,134.049124,34.348857,〒760-0023,香川県,高松市,寿町,１丁目４−３,,〒760-0023 香川県 高松市 寿町 １丁目４−３,,,,,,,,,,,,,,,,,,,,,,,,,,,,,,,
あやうた製麺,133.841789,34.232359,〒761-2403,香川県,丸亀市,綾歌町岡田西,１７８５,,〒761-2403 香川県 丸亀市 綾歌町岡田西 １７８５,https://goo.gl/maps/ED4PNDQd3mnoXV8M7,3.9,296,11,00,14,00,11,00,14,00,11,00,14,00,11,00,14,00,11,00,14,00,定休日,,,,11,00,14,00
さぬき手打ちうどん 味庄,134.046107,34.349857,〒760-0021,香川県,高松市,西の丸町,５−１５,,〒760-0021 香川県 高松市 西の丸町 ５−１５,https://goo.gl/maps/e6nrntPSGwMfCB5E6,3.5,502,定休日,,,,5,00,14,00,5,00,14,00,5,00,14,00,5,00,14,00,5,00,14,00,定休日,,,
うつ海うどん,134.088539,34.292938,〒761-0313,香川県,高松市,下田井町,３５９−２,,〒761-0313 香川県 高松市 下田井町 ３５９−２,https://goo.gl/maps/2LHrmdhqADCubDbw8,4.1,696,6,00,15,00,6,00,15,00,定休日,,,,6,00,15,00,6,00,15,00,6,00,15,00,6,00,15,00
植田うどん,134.050304,34.346896,〒760-0034,香川県,高松市,内町,１−８,,〒760-0034 香川県 高松市 内町 １−８,https://goo.gl/maps/SDmdH72e4hFxZTre7,3.8,245,定休日,,,,9,38,15,00,9,38,15,00,9,38,15,00,9,38,15,00,9,38,15,00,9,38,15,00
手打ちうどん うぶしな,133.821049,34.307853,〒769-0210,香川県,綾歌郡宇多津町,,１５９７１,,〒769-0210 香川県 綾歌郡宇多津町 １５９７１,,,,,,,,,,,,,,,,,,,,,,,,,,,,,,,
手打ちセルフうどん 海侍,133.870847,34.269066,〒762-0081,香川県,丸亀市,飯山町東坂元,２７１０−５,,〒762-0081 香川県 丸亀市 飯山町東坂元 ２７１０−５,https://goo.gl/maps/c7G4dB45VvrH1GedA,4.0,677,9,00,15,00,定休日,,,,9,00,15,00,9,00,15,00,9,00,15,00,9,00,15,00,9,00,15,00
吉本食品,134.339683,34.250549,〒769-2601,香川県,東かがわ市,三本松,６０８,,〒769-2601 香川県 東かがわ市 三本松 ６０８,https://goo.gl/maps/NHeR5Rkn7qujs9JF6,4.1,441,定休日,,,,8,00,14,00,8,00,14,00,8,00,14,00,8,00,14,00,8,00,14,00,8,00,14,00
手打ちうどん ますや,134.094457,34.337332,〒761-0101,香川県,高松市,春日町,１７４３−２,,〒761-0101 香川県 高松市 春日町 １７４３−２,,,,,,,,,,,,,,,,,,,,,,,,,,,,,,,
純手打うどん山とも,133.810518,34.298721,〒763-0082,香川県,丸亀市,土器町東,９丁目１９４,,〒763-0082 香川県 丸亀市 土器町東 ９丁目１９４,https://goo.gl/maps/fxgbvaeaa7ZMHt8Y8,3.7,127,9,30,14,00,9,30,14,00,定休日,,,,9,30,14,00,9,30,14,00,9,30,14,00,9,30,14,00
うどん処 しんせい,134.102251,34.3272,〒761-0102,香川県,高松市,新田町甲,３７５,,〒761-0102 香川県 高松市 新田町甲 ３７５,,,,,,,,,,,,,,,,,,,,,,,,,,,,,,,
池内うどん店,133.942947,34.223256,〒761-2208,香川県,綾歌郡綾川町,牛川,４８７−１,,〒761-2208 香川県 綾歌郡綾川町 牛川 ４８７−１,,,,,,,,,,,,,,,,,,,,,,,,,,,,,,,
讃岐うどん 一福 まちなか店,134.049324,34.339577,〒760-0051,香川県,高松市,南新町,８−３,,〒760-0051 香川県 高松市 南新町 ８−３,,,,,,,,,,,,,,,,,,,,,,,,,,,,,,,
讃岐の味 塩がま屋,133.815683,34.30669,〒769-0206,香川県,綾歌郡宇多津町,浜六番丁,８６−２,,〒769-0206 香川県 綾歌郡宇多津町 浜六番丁 ８６−２,https://goo.gl/maps/NaCVhzeiRJo6TyGt5,3.8,619,11,00,20,30,11,00,20,30,11,00,20,30,定休日,,,,11,00,20,30,11,00,20,30,11,00,20,30
手打ちうどん つづみ,133.79655,34.289945,〒763-0082,香川県,丸亀市,土器町東,４丁目７７０,,〒763-0082 香川県 丸亀市 土器町東 ４丁目７７０,https://goo.gl/maps/TvpVeUyCr6f9BtQU6,3.8,554,10,00,15,00,10,30,15,00,10,30,15,00,定休日,,,,10,30,15,00,10,30,15,00,10,00,15,00
多田製麺所,134.124514,34.272805,〒761-0701,香川県,木田郡三木町,池戸,２９１８,,〒761-0701 香川県 木田郡三木町 池戸 ２９１８,https://goo.gl/maps/JaBv7BsFEoAbp1Vr9,4.1,462,8,00,15,00,8,00,15,00,定休日,,,,8,00,15,00,8,00,15,00,8,00,15,00,8,00,15,00
うどん棒 高松本店,134.048363,34.339494,〒760-0050,香川県,高松市,亀井町,８−１９,,〒760-0050 香川県 高松市 亀井町 ８−１９,https://goo.gl/maps/LsRmxjrjjeuC3Hc99,4.3,581,11,00,14,30,11,00,14,30,11,00,14,30,定休日,,,,11,00,14,30,11,00,14,30,11,00,14,30
マルタニ製麺,134.011393,34.289364,〒761-8044,香川県,高松市,円座町,１０２３−１,,〒761-8044 香川県 高松市 円座町 １０２３−１,https://goo.gl/maps/cYXYfECWjbmW9NdYA,4.3,637,9,30,14,00,定休日,,,,9,30,14,00,9,30,14,00,9,30,14,00,9,30,14,00,9,30,14,00
本場さぬき うどんや,134.433395,34.208297,〒769-2904,香川県,東かがわ市,坂元,２３６−１,,〒769-2904 香川県 東かがわ市 坂元 ２３６−１,,,,,,,,,,,,,,,,,,,,,,,,,,,,,,,
饂飩家 五右衛門,134.051894,34.342144,〒760-0045,香川県,高松市,古馬場町,１３−１５,,〒760-0045 香川県 高松市 古馬場町 １３−１５,https://goo.gl/maps/XDZiSTfFA2uk1J7p7,3.9,405,定休日,,,,定休日,,,,20,00,1,00,20,00,1,00,20,00,1,00,20,00,1,00,20,00,1,00
セルフうどん キリン,134.097427,34.335827,〒761-0102,香川県,高松市,新田町甲,４,,〒761-0102 香川県 高松市 新田町甲 ４,https://goo.gl/maps/xzgeXwrUcZqh4SxKA,3.6,631,8,00,17,00,8,00,17,00,8,00,17,00,8,00,17,00,8,00,17,00,8,00,17,00,8,00,17,00
うどんの田,134.035372,34.282641,〒761-8085,香川県,高松市,寺井町,３８−１,,〒761-8085 香川県 高松市 寺井町 ３８−１,https://goo.gl/maps/oXaSt4NtvWvLh8YWA,4.1,509,定休日,,,,10,00,14,00,10,00,14,00,10,00,14,00,10,00,14,00,10,00,14,00,6,00,9,00
手打うどん 丸亀渡辺,133.817936,34.286254,〒763-0082,香川県,丸亀市,土器町東,１丁目９７,,〒763-0082 香川県 丸亀市 土器町東 １丁目９７,https://goo.gl/maps/xdSa67HYETc98DGT8,4.1,715,11,00,17,00,11,00,17,00,11,00,17,00,11,00,17,00,定休日,,,,11,00,17,00,11,00,17,00
本場讃岐うどん たも屋 高松林店,134.06337,34.293564,〒761-0301,香川県,高松市,林町,６−３８,,〒761-0301 香川県 高松市 林町 ６−３８,https://goo.gl/maps/akefCh5D6te9pZmbA,3.9,778,8,00,15,00,8,00,15,00,8,00,15,00,8,00,15,00,8,00,15,00,8,00,15,00,8,00,15,00
セルフうどん 麺太郎,133.838554,34.29421,〒769-0210,香川県,綾歌郡宇多津町,東分,１６８０−１,,〒769-0210 香川県 綾歌郡宇多津町 東分 １６８０−１,https://goo.gl/maps/td9yDiKaMah2XZYp7,4.0,520,6,00,14,30,9,00,14,30,9,00,14,30,9,00,14,30,定休日,,,,9,00,14,30,6,00,14,30
手打ちうどん 源内,134.195621,34.321397,〒769-2101,香川県,さぬき市,志度,１５９７−１０,,〒769-2101 香川県 さぬき市 志度 １５９７−１０,https://goo.gl/maps/mfUYfPksunsUJNf66,4.2,791,10,00,19,00,定休日,,,,10,00,19,00,10,00,19,00,10,00,19,00,10,00,19,00,10,00,19,00
ふるかわうどん,134.070681,34.317819,〒760-0080,香川県,高松市,木太町,５０１６−１,,〒760-0080 香川県 高松市 木太町 ５０１６−１,https://goo.gl/maps/kBxE99Q3faPhRouU9,3.8,179,定休日,,,,10,00,15,00,10,00,15,00,10,00,15,00,10,00,15,00,10,00,15,00,10,00,15,00
うどん屋 まつはま,134.091416,34.312747,〒761-0311,香川県,高松市,元山町,３０８−１,,〒761-0311 香川県 高松市 元山町 ３０８−１,https://goo.gl/maps/Zys2rMEWabn6TeQA7,4.1,344,10,30,14,00,10,30,14,00,10,30,14,00,10,30,14,00,10,30,14,00,10,30,14,00,10,30,14,00
セルフうどん 喰うかい,133.793814,34.296361,〒763-0042,香川県,丸亀市,港町,３０７,,〒763-0042 香川県 丸亀市 港町 ３０７,https://goo.gl/maps/BPWTzPuVDDvvfVEq6,3.9,241,6,30,13,30,6,30,13,30,6,30,13,30,定休日,,,,6,30,13,30,6,30,13,30,6,30,13,30
石川うどん,133.793723,34.29315,〒763-0044,香川県,丸亀市,福島町,５４−８,,〒763-0044 香川県 丸亀市 福島町 ５４−８,https://goo.gl/maps/PT1Hqgk2UDzHP5d79,4.0,451,11,00,15,00,11,00,14,00,定休日,,,,11,00,14,00,11,00,14,00,11,00,14,00,11,00,15,00
讃岐手打ちうどん まごころ,133.781841,34.295413,〒763-0062,香川県,丸亀市,蓬莱町,５５−３,,〒763-0062 香川県 丸亀市 蓬莱町 ５５−３,https://goo.gl/maps/j5MYrRExH6vLUe5i6,3.8,844,6,00,15,30,6,00,15,30,6,00,15,30,6,00,15,30,6,00,15,30,6,00,15,30,6,00,15,30
八十八庵,134.206664,34.190154,〒769-2306,香川県,さぬき市,多和兼割,９３−１,,〒769-2306 香川県 さぬき市 多和兼割 ９３−１,https://goo.gl/maps/rj4yJx9wygZvpEaa7,4.1,405,8,00,16,30,8,00,16,30,8,00,16,30,8,00,16,30,8,00,16,30,8,00,16,30,8,00,16,30
讃岐うどん 愉楽家 林店,134.073533,34.30207,〒761-0301,香川県,高松市,林町,１４８１−１,,〒761-0301 香川県 高松市 林町 １４８１−１,https://goo.gl/maps/iE1VVkvnfU2Zyuuh8,3.8,576,10,00,17,00,10,00,17,00,10,00,17,00,10,00,17,00,10,00,17,00,10,00,17,00,10,00,17,00
手打ちうどん てっちゃん,133.888846,34.315932,〒762-0021,香川県,坂出市,西庄町,５７８−３,,〒762-0021 香川県 坂出市 西庄町 ５７８−３,,,,,,,,,,,,,,,,,,,,,,,,,,,,,,,
讃岐うどん 空海房,134.029493,34.228775,〒761-1401,香川県,高松市,香南町岡,１９９,,〒761-1401 香川県 高松市 香南町岡 １９９,https://goo.gl/maps/Pkn3EDQGri7G2PrD7,3.7,860,6,30,15,00,6,30,15,00,6,30,15,00,6,30,15,00,6,30,15,00,6,30,15,00,6,30,15,00
本場讃岐うどんたも屋 高松女道場,134.049523,34.340578,〒760-0051,香川県,高松市,南新町,１１−９,南新町ビル1Ｆ,〒760-0051 香川県 高松市 南新町 １１−９ 南新町 ビル 1Ｆ,,,,,,,,,,,,,,,,,,,,,,,,,,,,,,,
SIRAKAWA,133.718973,34.123121,〒768-0102,香川県,三豊市,山本町大野,２８５４−８,,〒768-0102 香川県 三豊市 山本町大野 ２８５４−８,,,,,,,,,,,,,,,,,,,,,,,,,,,,,,,
上杉食品,133.714982,34.143509,〒769-1504,香川県,三豊市,豊中町上高野,２７９１,,〒769-1504 香川県 三豊市 豊中町上高野 ２７９１,,,,,,,,,,,,,,,,,,,,,,,,,,,,,,,
手打ちうどん 上田,134.046254,34.300035,〒761-8074,香川県,高松市,太田上町,７９８−１５,,〒761-8074 香川県 高松市 太田上町 ７９８−１５,,,,,,,,,,,,,,,,,,,,,,,,,,,,,,,
竜雲,134.046954,34.272768,〒761-8078,香川県,高松市,仏生山町甲,３２０７−２,,〒761-8078 香川県 高松市 仏生山町甲 ３２０７−２,,,,,,,,,,,,,,,,,,,,,,,,,,,,,,,
讃岐つけ麺 寒川,134.048842,34.342881,〒760-0028,香川県,高松市,鍛冶屋町,４−１６,,〒760-0028 香川県 高松市 鍛冶屋町 ４−１６,https://goo.gl/maps/RoGHJReLmPoHYcd37,4.3,237,定休日,,,,定休日,,,,18,00,1,30,18,00,1,30,18,00,1,30,18,00,1,30,18,00,1,30
うどん 飯野屋,133.827718,34.280918,〒763-0084,香川県,丸亀市,飯野町東二,１８８８−１,,〒763-0084 香川県 丸亀市 飯野町東二 １８８８−１,https://goo.gl/maps/gtfZWpuV3d5jkkQ99,3.9,418,10,00,15,00,定休日,,,,10,00,15,00,10,00,15,00,10,00,15,00,10,00,15,00,10,00,15,00
将八うどん 観音寺本店,133.674378,34.116543,〒768-0011,香川県,観音寺市,出作町,４１７,,〒768-0011 香川県 観音寺市 出作町 ４１７,https://goo.gl/maps/ZLhMHFNHeDxRwtAB6,3.5,414,9,00,20,00,9,00,20,00,9,00,20,00,9,00,20,00,9,00,20,00,9,00,20,00,9,00,20,00
ヨコクラうどん,133.989149,34.315342,〒761-8026,香川県,高松市,鬼無町鬼無,１３６−１,,〒761-8026 香川県 高松市 鬼無町鬼無 １３６−１,https://goo.gl/maps/Aacz8cu42KVvr5ceA,4.2,582,8,00,14,00,8,00,14,00,8,00,14,00,8,00,14,00,定休日,,,,8,00,14,00,8,00,14,00
手織りうどん 滝音,134.138806,34.252922,〒761-0613,香川県,木田郡三木町,上高岡,２６６−１,,〒761-0613 香川県 木田郡三木町 上高岡 ２６６−１,https://goo.gl/maps/WmARpbd5ZnZwDQc1A,4.2,897,10,00,15,00,定休日,,,,10,00,15,00,10,00,15,00,10,00,15,00,10,00,15,00,10,00,15,00
さか枝うどん 南新町店,134.049085,34.340199,〒760-0051,香川県,高松市,南新町,４−６,,〒760-0051 香川県 高松市 南新町 ４−６,https://goo.gl/maps/73eEQfkB62wLxJhg9,3.8,764,7,00,17,00,7,00,17,00,7,00,17,00,7,00,17,00,7,00,17,00,7,00,17,00,7,00,17,00
かしむらうどん,134.089492,34.350673,〒761-0113,香川県,高松市,屋島西町,２４８５−１２,,〒761-0113 香川県 高松市 屋島西町 ２４８５−１２,https://goo.gl/maps/KS58ryMCG8VNuXVR8,4.1,224,11,00,15,00,11,00,15,00,定休日,,,,11,00,15,00,11,00,15,00,11,00,15,00,11,00,15,00
手打ちうどん 清水屋,134.010769,34.295555,〒761-8081,香川県,高松市,成合町,８,,〒761-8081 香川県 高松市 成合町 ８,https://goo.gl/maps/cSQvAMihPvfYcjDX8,4.1,462,定休日,,,,10,00,14,00,10,00,14,00,10,00,14,00,10,00,14,00,10,00,14,00,10,00,14,00
かしむらうどん,134.089492,34.350673,〒761-0113,香川県,高松市,屋島西町,２４８５−１２,,〒761-0113 香川県 高松市 屋島西町 ２４８５−１２,https://goo.gl/maps/KS58ryMCG8VNuXVR8,4.1,224,11,00,15,00,11,00,15,00,定休日,,,,11,00,15,00,11,00,15,00,11,00,15,00,11,00,15,00
郷屋敷,134.135855,34.330395,〒761-0122,香川県,高松市,牟礼町大町,１９８７,,〒761-0122 香川県 高松市 牟礼町大町 １９８７,,,,,,,,,,,,,,,,,,,,,,,,,,,,,,,
手打ちうどん 歩,133.836282,34.265061,〒763-0084,香川県,丸亀市,飯野町東二,４８４,,〒763-0084 香川県 丸亀市 飯野町東二 ４８４,https://goo.gl/maps/BJjr7MsfmuT9Yj54A,4.2,679,10,30,15,00,10,30,15,00,定休日,,,,10,30,15,00,10,30,15,00,10,30,15,00,10,30,15,00
大島うどん,134.041835,34.30224,〒761-8074,香川県,高松市,太田上町,１０５８,,〒761-8074 香川県 高松市 太田上町 １０５８,,,,,,,,,,,,,,,,,,,,,,,,,,,,,,,
かすが町市場,134.09114,34.322967,〒761-0101,香川県,高松市,春日町,４５３−１,,〒761-0101 香川県 高松市 春日町 ４５３−１,https://goo.gl/maps/bQCXCCpvw3VTcBoB6,3.7,698,8,00,17,00,8,00,17,00,8,00,17,00,8,00,17,00,8,00,17,00,8,00,17,00,8,00,17,00
やな川うどん 本店,133.647348,34.128517,〒768-0060,香川県,観音寺市,観音寺町甲,２８１４,,〒768-0060 香川県 観音寺市 観音寺町甲 ２８１４,https://goo.gl/maps/db9FvxVTm8yDCN9S7,4.0,407,8,00,15,00,8,00,15,00,8,00,15,00,8,00,15,00,定休日,,,,8,00,15,00,8,00,15,00
合田うどん,133.63964,34.070472,〒769-1611,香川県,観音寺市,豊浜町和田甲,２４５–１,,〒769-1611 香川県 観音寺市 豊浜町和田甲 ２４５–１,https://goo.gl/maps/vVDrMCWnvH6214NU9,3.9,218,11,00,14,00,定休日,,,,11,00,14,00,11,00,14,00,11,00,14,00,11,00,14,00,11,00,14,00
うどん武蔵,133.61151,34.04411,〒769-1604,香川県,観音寺市,豊浜町箕浦甲,３４１－１,,〒769-1604 香川県 観音寺市 豊浜町箕浦甲 ３４１－１,,,,,,,,,,,,,,,,,,,,,,,,,,,,,,,
あづまうどん,134.122037,34.298832,〒761-0322,香川県,高松市,前田東町,３４０−１,,〒761-0322 香川県 高松市 前田東町 ３４０−１,https://goo.gl/maps/9NRrVgo6wx9PHirA7,4.2,748,11,00,14,00,11,00,14,00,11,00,14,00,定休日,,,,11,00,14,00,11,00,14,00,11,00,14,00
手打ちうどん 渡辺,133.717203,34.179416,〒767-0011,香川県,三豊市,高瀬町下勝間,２５５２,,〒767-0011 香川県 三豊市 高瀬町下勝間 ２５５２,,,,,,,,,,,,,,,,,,,,,,,,,,,,,,,
はやし家製麺所 高松空港店,134.01869,34.218769,〒761-1401,香川県,高松市,香南町岡,１３１２−７,,〒761-1401 香川県 高松市 香南町岡 １３１２−７,https://goo.gl/maps/yUcoHH4HKP5ksnoi6,3.3,202,8,30,15,00,8,30,15,00,8,30,15,00,8,30,15,00,8,30,15,00,8,30,15,00,8,30,15,00
こだわり麺や 高松店,134.044647,34.340099,〒760-0018,香川県,高松市,天神前,５−２５,,〒760-0018 香川県 高松市 天神前 ５−２５,,,,,,,,,,,,,,,,,,,,,,,,,,,,,,,
あなぶき家 上りSA,134.264257,34.276983,〒769-2402,香川県,さぬき市,津田町鶴羽,９３５−５,,〒769-2402 香川県 さぬき市 津田町鶴羽 ９３５−５,https://goo.gl/maps/sN6Yzcf9L8ut3DNo8,3.5,253,8,00,21,00,10,00,21,00,10,00,21,00,10,00,21,00,10,00,21,00,10,00,21,00,8,00,21,00
めんや七福 本店,134.044257,34.338354,〒760-0018,香川県,高松市,天神前,６−１０,,〒760-0018 香川県 高松市 天神前 ６−１０,https://goo.gl/maps/hqpEVBvywpZHAx569,4.0,192,定休日,,,,10,00,14,30,10,00,14,30,10,00,14,30,10,00,14,30,10,00,14,30,10,00,14,30
県内屈指の男麺 セルフうどん のぶや,134.019616,34.238449,〒761-1402,香川県,高松市,香南町由佐,１９２−１,,〒761-1402 香川県 高松市 香南町由佐 １９２−１,https://goo.gl/maps/X3R1aWyXpCJYzad4A,4.1,504,11,00,14,00,11,00,14,00,定休日,,,,11,00,14,00,11,00,14,00,11,00,15,00,11,00,15,00
こだわり八輻(はちや),133.772244,34.224817,〒765-0004,香川県,善通寺市,善通寺町,１０５９−１,,〒765-0004 香川県 善通寺市 善通寺町 １０５９−１,https://goo.gl/maps/MpVC9Wh8hNv6brdS6,4.3,503,10,00,14,00,10,00,14,00,定休日,,,,10,00,14,00,10,00,14,00,定休日,,,,10,00,14,00
さぬき麺業 兵庫町本店,134.049439,34.346062,〒760-0024,香川県,高松市,兵庫町,１１−９,,〒760-0024 香川県 高松市 兵庫町 １１−９,https://goo.gl/maps/vipR7TAzR54T2pny9,3.8,338,11,00,20,30,11,00,20,30,11,00,20,30,11,00,20,30,11,00,20,30,11,00,20,30,11,00,20,30
誠うどん,134.041505,34.336166,〒760-0006,香川県,高松市,亀岡町,１７−１４,,〒760-0006 香川県 高松市 亀岡町 １７−１４,,,,,,,,,,,,,,,,,,,,,,,,,,,,,,,
うどん処 しんせい 2号店,134.067834,34.327598,〒760-0077,香川県,高松市,上福岡町,８８０−１,,〒760-0077 香川県 高松市 上福岡町 ８８０−１,,,,,,,,,,,,,,,,,,,,,,,,,,,,,,,
讃岐うどん 麺賊,133.782305,34.227431,〒765-0011,香川県,善通寺市,上吉田町,３丁目３−２４,,〒765-0011 香川県 善通寺市 上吉田町 ３丁目３−２４,https://goo.gl/maps/U5ZCLSkK5o3FQfjs9,3.8,325,6,30,15,00,6,30,15,00,6,30,15,00,6,30,15,00,6,30,15,00,定休日,,,,6,30,15,00
セルフうどん おかだ,133.833273,34.264436,〒763-0084,香川県,丸亀市,飯野町東二,６２３−１,,〒763-0084 香川県 丸亀市 飯野町東二 ６２３−１,https://goo.gl/maps/4XVc2jEdJXbk6V1HA,4.1,765,定休日,,,,10,30,14,00,10,30,14,00,10,30,14,00,10,30,14,00,10,30,14,00,定休日,,,
かなくま餅福田,133.672774,34.13908,〒768-0014,香川県,観音寺市,流岡町,１４３６−２,,〒768-0014 香川県 観音寺市 流岡町 １４３６−２,https://goo.gl/maps/MazZbiyHN1FoKUf27,4.2,650,10,00,14,00,定休日,,,,10,00,14,00,10,00,14,00,10,00,14,00,10,00,14,00,10,00,14,00
いきいきうどん 坂出店,133.858721,34.318267,〒762-0001,香川県,坂出市,京町,３丁目７−１３６１−１,,〒762-0001 香川県 坂出市 京町 ３丁目７−１３６１−１,https://goo.gl/maps/9QUekz8fRQJuYabXA,3.5,786,5,00,15,30,5,00,15,30,5,00,15,30,5,00,15,30,5,00,15,30,5,00,15,30,5,00,15,30
上野製麺所,134.017172,34.286247,〒761-8044,香川県,高松市,円座町,２２８９−３,,〒761-8044 香川県 高松市 円座町 ２２８９−３,https://goo.gl/maps/DSxWy6ntF9CQ9GP49,4.0,105,定休日,,,,10,30,14,00,10,30,14,00,10,30,14,00,10,30,14,00,10,30,14,00,10,30,14,00
セルフうどん 天狗,134.098944,34.282449,〒761-0431,香川県,高松市,小村町,１６８−１,,〒761-0431 香川県 高松市 小村町 １６８−１,https://goo.gl/maps/1uBDtD6NQT4sYyGT7,3.6,528,8,00,17,00,8,00,17,00,8,00,17,00,8,00,17,00,8,00,17,00,8,00,17,00,8,00,17,00
讃岐うどん 本格手打 麺の蔵,133.814335,34.235924,〒765-0040,香川県,善通寺市,与北町,１０１４−４,,〒765-0040 香川県 善通寺市 与北町 １０１４−４,,,,,,,,,,,,,,,,,,,,,,,,,,,,,,,
手打ちうどん まいどまいど,133.854056,34.282729,〒762-0025,香川県,坂出市,川津町,４５−１,,〒762-0025 香川県 坂出市 川津町 ４５−１,https://goo.gl/maps/6y6LaS88GEhJz3gv7,4.0,332,10,00,14,30,定休日,,,,10,00,14,30,10,00,14,30,10,00,14,30,10,00,14,30,10,00,14,30
まえばうどん,133.882443,34.235667,〒761-2406,香川県,丸亀市,綾歌町栗熊東,４２０−２,,〒761-2406 香川県 丸亀市 綾歌町栗熊東 ４２０−２,,,,,,,,,,,,,,,,,,,,,,,,,,,,,,,
本格手打ちうどん 香川屋本店,133.885575,34.235003,〒761-2406,香川県,丸亀市,綾歌町栗熊東,４６９−１,,〒761-2406 香川県 丸亀市 綾歌町栗熊東 ４６９−１,https://goo.gl/maps/XKv1x2yZf1mh1USK9,3.9,816,10,00,16,00,10,00,16,00,定休日,,,,10,00,16,00,10,00,16,00,10,00,16,00,10,00,16,00
うどん てら屋 檀紙店,133.99671,34.303256,〒761-8041,香川県,高松市,檀紙町,８５１−１,,〒761-8041 香川県 高松市 檀紙町 ８５１−１,https://goo.gl/maps/Mxx5xGBcDJm22uEp6,3.9,510,9,00,16,00,定休日,,,,9,00,16,00,9,00,16,00,9,00,16,00,9,00,16,00,9,00,14,00
本格手打ちうどん あかみち,133.797985,34.265913,〒765-0040,香川県,善通寺市,与北町,１０１４−４,,〒765-0040 香川県 善通寺市 与北町 １０１４−４,https://goo.gl/maps/rxXNAHP59xmAWGXv6,4.1,467,10,00,15,00,定休日,,,,10,00,15,00,10,00,15,00,10,00,15,00,10,00,15,00,10,00,15,00
根っこ 三谷店,134.076124,34.277306,〒761-0450,香川県,高松市,三谷町,２７０−２,,〒761-0450 香川県 高松市 三谷町 ２７０−２,https://goo.gl/maps/6jKf89Dh2Q8cUJcE8,3.7,410,7,00,17,00,7,00,17,00,7,00,17,00,7,00,17,00,7,00,17,00,7,00,17,00,7,00,17,00
うどん市場 めんくい,134.054943,34.340469,〒760-0047,香川県,高松市,塩屋町,９−７,,〒760-0047 香川県 高松市 塩屋町 ９−７,https://goo.gl/maps/nehJC8rb1dX2d14ZA,4.1,148,11,00,14,00,11,00,15,00,11,00,15,00,11,00,15,00,11,00,15,00,11,00,15,00,11,00,14,00
麺工房六車,134.350168,34.2463,〒769-2701,香川県,東かがわ市,湊,６−１,,〒769-2701 香川県 東かがわ市 湊 ６−１,,,,,,,,,,,,,,,,,,,,,,,,,,,,,,,
こだわり麺や 坂出鴨川店,133.911743,34.304785,〒762-0023,香川県,坂出市,加茂町,５３０,,〒762-0023 香川県 坂出市 加茂町 ５３０,https://goo.gl/maps/1GQKUjjHb7sQQeuc9,3.8,798,6,30,15,00,6,30,15,00,6,30,15,00,6,30,15,00,6,30,15,00,6,30,15,00,6,30,15,00
大喜多うどん,133.689782,34.115837,〒768-0031,香川県,観音寺市,池之尻町,７１８,,〒768-0031 香川県 観音寺市 池之尻町 ７１８,,,,,,,,,,,,,,,,,,,,,,,,,,,,,,,
讃岐うどん めんや七福 別邸,133.850019,34.295183,〒762-0025,香川県,坂出市,川津町,３３５５−２,,〒762-0025 香川県 坂出市 川津町 ３３５５−２,https://goo.gl/maps/7JqVo6qgZzTPDBEq5,4.0,534,10,00,15,00,10,00,15,00,10,00,15,00,定休日,,,,10,00,15,00,10,00,15,00,10,00,15,00
手打ちうどん むさし,133.828688,34.18988,〒766-0003,香川県,仲多度郡琴平町,五條,６３７−２,,〒766-0003 香川県 仲多度郡琴平町 五條 ６３７−２,,,,,,,,,,,,,,,,,,,,,,,,,,,,,,,
架け橋 夢うどん,133.815681,34.385256,〒762-0071,香川県,坂出市,与島町,５８７,,〒762-0071 香川県 坂出市 与島町 ５８７,https://goo.gl/maps/L9f3wCGnoBR2E47z5,3.7,179,10,00,17,00,10,00,16,00,10,00,16,00,10,00,16,00,10,00,16,00,10,00,16,00,10,00,17,00
讃州製麺,133.809643,34.299319,〒763-0082,香川県,丸亀市,土器町東,９丁目２４０,,〒763-0082 香川県 丸亀市 土器町東 ９丁目２４０,https://goo.gl/maps/wYjbhDNkBWeMAaWx9,3.8,437,6,45,15,00,6,45,15,00,6,45,15,00,6,45,15,00,6,45,15,00,6,45,15,00,6,45,15,00
いなもくうどん,133.981909,34.199312,〒761-2202,香川県,綾歌郡綾川町,枌所西甲,１４２０−３,,〒761-2202 香川県 綾歌郡綾川町 枌所西甲 １４２０−３,https://goo.gl/maps/yVsiLFkD4KJKF43v7,4.3,569,10,30,14,00,10,30,14,00,10,30,14,00,10,30,14,00,定休日,,,,10,30,14,00,10,30,14,00
はなまるうどん 木太店,134.06874,34.326898,〒760-0080,香川県,高松市,木太町,１８３１−２,,〒760-0080 香川県 高松市 木太町 １８３１−２,https://goo.gl/maps/5uebLFpDjTGEFPL9A,3.4,148,10,00,21,30,10,00,21,30,10,00,21,30,10,00,21,30,10,00,21,30,10,00,21,30,10,00,21,30
中野うどん学校 琴平校A館,133.818156,34.186951,〒766-0001,香川県,仲多度郡琴平町,,７９６,,〒766-0001 香川県 仲多度郡琴平町  796番地,,,,,,,,,,,,,,,,,,,,,,,,,,,,,,,
とにかく とに麺,134.106805,34.325822,〒761-0102,香川県,高松市,新田町甲,９９９−１,,〒761-0102 香川県 高松市 新田町甲 ９９９−１,https://goo.gl/maps/3bbGWsHGSeGnSnWs6,3.4,238,10,00,14,30,10,00,14,00,10,00,14,00,10,00,14,00,10,00,14,00,10,00,14,00,10,00,14,30
手打ちうどん 一屋 丸亀三条店,133.808908,34.248867,〒763-0094,香川県,丸亀市,三条町,５３３−５,,〒763-0094 香川県 丸亀市 三条町 ５３３−５,https://goo.gl/maps/SwF6zan76Hri6YfM8,3.8,625,6,00,17,00,6,00,17,00,6,00,17,00,6,00,17,00,6,00,17,00,6,00,17,00,6,00,17,00
麺匠 くすがみ,134.055475,34.328597,〒760-0075,香川県,高松市,楠上町,２丁目６−３６,,〒760-0075 香川県 高松市 楠上町 ２丁目６−３６,https://goo.gl/maps/XJPyjupit7DzAYyW6,4.0,463,10,00,15,00,10,00,15,00,定休日,,,,10,00,15,00,10,00,15,00,10,00,15,00,10,00,15,00
うどんお食事処 かなくま餅,133.686094,34.124376,〒768-0012,香川県,観音寺市,植田町,３５−２,,〒768-0012 香川県 観音寺市 植田町 ３５−２,https://goo.gl/maps/viA6VfUXQ3GNQWxG7,4.1,404,定休日,,,,8,00,15,00,8,00,15,00,8,00,15,00,定休日,,,,8,00,15,00,8,00,15,00
本格手打ちうどん もり,133.748865,34.171412,〒767-0013,香川県,三豊市,高瀬町下麻,６７８,,〒767-0013 香川県 三豊市 高瀬町下麻 ６７８,https://goo.gl/maps/MNvmF1WGawSu3EFN8,4.1,461,8,00,14,00,10,00,14,00,定休日,,,,10,00,14,00,10,00,14,00,10,00,14,00,8,00,14,00
こだわり麺や 宇多津店,133.819968,34.308728,〒769-0208,香川県,綾歌郡宇多津町,浜八番丁,１２２−１６,,〒769-0208 香川県 綾歌郡宇多津町 浜八番丁 １２２−１６,https://goo.gl/maps/Bpbn65GX8vWonVaL7,3.8,719,6,30,15,00,6,30,15,00,6,30,15,00,6,30,15,00,6,30,15,00,6,30,15,00,6,30,15,00
なかむら屋うどん,134.112824,34.293799,〒761-0322,香川県,高松市,前田東町,７２０−６,,〒761-0322 香川県 高松市 前田東町 ７２０−６,,,,,,,,,,,,,,,,,,,,,,,,,,,,,,,
さぬきうどん麺処 とらや,133.843368,34.32442,〒762-0052,香川県,坂出市,沖の浜,１−４,,〒762-0052 香川県 坂出市 沖の浜 １−４,https://goo.gl/maps/ysnsbH3NJKJsyRGq9,4.1,381,定休日,,,,10,30,14,00,10,30,14,00,定休日,,,,定休日,,,,10,30,14,00,10,30,14,00
まるや,133.769683,34.247134,〒765-0021,香川県,善通寺市,下吉田町,８８９−４,,〒765-0021 香川県 善通寺市 下吉田町 ８８９−４,,,,,,,,,,,,,,,,,,,,,,,,,,,,,,,
こがね製麺所 春日店,134.091079,34.336143,〒761-0101,香川県,高松市,春日町,１６６６−１,,〒761-0101 香川県 高松市 春日町 １６６６−１,https://goo.gl/maps/dP2KkRcZjs3hR7rY7,3.7,355,6,00,15,00,6,00,15,00,6,00,15,00,6,00,15,00,6,00,15,00,6,00,15,00,6,00,15,00
うどん丼 麺八,134.011441,34.349775,〒761-8031,香川県,高松市,郷東町,７９２−７,,〒761-8031 香川県 高松市 郷東町 ７９２−７,https://goo.gl/maps/fYjdmLCvb2agoM6JA,4.1,314,定休日,,,,9,00,15,00,9,00,15,00,9,00,15,00,9,00,15,00,9,00,15,00,9,00,15,00
かわたうどん,134.021549,34.228745,〒761-1401,香川県,高松市,香南町岡,１３５８−１,,〒761-1401 香川県 高松市 香南町岡 １３５８−１,https://goo.gl/maps/Y3gBm4xuRRGwqhG68,4.0,762,10,00,19,00,10,00,19,00,定休日,,,,定休日,,,,10,00,19,00,10,00,15,00,10,00,19,00
さぬきうどん 溜,134.176354,34.284084,〒769-2311,香川県,さぬき市,造田宮西,８４９−１,,〒769-2311 香川県 さぬき市 造田宮西 ８４９−１,,,,,,,,,,,,,,,,,,,,,,,,,,,,,,,
手打ちうどん 山,134.188851,34.323224,〒769-2101,香川県,さぬき市,志度,１３７０−１１,,〒769-2101 香川県 さぬき市 志度 １３７０−１１,https://goo.gl/maps/6DXbbGb2VLd2rQTcA,4.0,277,11,00,14,00,11,00,14,00,11,00,14,00,11,00,14,00,定休日,,,,11,00,14,00,11,00,14,00
中華そば虎龍,133.641917,34.117543,〒768-0063,香川県,観音寺市,三本松町,４丁目２−１６,,〒768-0063 香川県 観音寺市 三本松町 ４丁目２−１６,https://goo.gl/maps/Pmy3g636mEvtCzNq5,4.1,323,11,00,14,00,定休日,,,,11,00,14,00,11,00,14,00,11,00,14,00,11,00,14,00,11,00,14,00
本格手打ちうどん うまじ家,133.67133,34.128064,〒768-0012,香川県,観音寺市,植田町東下,１７１４−１,,〒768-0012 香川県 観音寺市 植田町東下  １７１４−１,https://goo.gl/maps/CutdnHJVqzcqrsEG8,4.2,596,11,00,15,00,11,00,15,00,11,00,15,00,定休日,,,,11,00,15,00,11,00,15,00,11,00,15,00
手打ちうどん まつばら,134.027153,34.276375,〒761-8085,香川県,高松市,寺井町,１０１５,,〒761-8085 香川県 高松市 寺井町 １０１５,,,,,,,,,,,,,,,,,,,,,,,,,,,,,,,
エビス ・ウドンファクトリー,134.034875,34.268039,〒761-1703,香川県,高松市,香川町浅野,２５８−１,,〒761-1703 香川県 高松市 香川町浅野 ２５８−１,https://goo.gl/maps/tdeLKZZdJYaqgnKf7,3.8,240,10,00,14,00,10,00,14,00,定休日,,,,10,00,14,00,10,00,14,00,10,00,14,00,10,00,14,00
てんてこ舞,133.819115,34.187508,〒766-0001,香川県,仲多度郡琴平町,,番地不明,,〒766-0001 香川県 仲多度郡琴平町  番地不明,,,,,,,,,,,,,,,,,,,,,,,,,,,,,,,
上田うどん,133.859259,34.277369,〒762-0081,香川県,丸亀市,飯山町東坂元,７２２,,〒762-0081 香川県 丸亀市 飯山町東坂元 ７２２,,,,,,,,,,,,,,,,,,,,,,,,,,,,,,,
エコぽん太,134.066886,34.337985,〒760-0068,香川県,高松市,松島町,２丁目９−５,,〒760-0068 香川県 高松市 松島町 ２丁目９−５,https://goo.gl/maps/EZuqV4Cd4zcdTthi6,3.7,408,9,00,17,00,9,00,17,00,9,00,17,00,9,00,17,00,9,00,17,00,9,00,17,00,9,00,17,00
ぶっかけうどん大円,134.057282,34.323963,〒760-0078,香川県,高松市,今里町,１丁目２８−２７,,〒760-0078 香川県 高松市 今里町 １丁目２８−２７,https://goo.gl/maps/tvdLMgzm6YiAQEMe9,3.8,219,11,00,15,00,11,00,15,00,定休日,,,,11,00,15,00,11,00,15,00,11,00,15,00,11,00,15,00
手打ちうどん 古奈や,134.00982,34.308822,〒761-8058,香川県,高松市,勅使町,３０２−４,,〒761-8058 香川県 高松市 勅使町 ３０２−４,https://goo.gl/maps/K59rr3hqEAkAg2566,4.2,425,定休日,,,,7,00,15,00,7,00,15,00,7,00,15,00,7,00,15,00,7,00,15,00,7,00,15,00
手打ちうどん 三太郎,134.299632,34.478939,〒761-4432,香川県,小豆郡小豆島町,草壁本町,１０５３−１１,,〒761-4432 香川県 小豆郡小豆島町 草壁本町 １０５３−１１,https://goo.gl/maps/o9ZTiHdhW9vqc5R6A,4.1,142,10,30,14,00,10,30,14,00,定休日,,,,10,30,14,00,10,30,14,00,10,30,14,00,10,30,14,00
情熱うどん わらく,134.063869,34.278498,〒761-0450,香川県,高松市,三谷町,１２６７−２,,〒761-0450 香川県 高松市 三谷町 １２６７−２,https://goo.gl/maps/LDhhEpSXtGCVMnkc9,4.1,423,10,30,16,00,10,30,16,00,10,30,16,00,定休日,,,,10,30,16,00,10,30,16,00,10,30,16,00
元祖わかめうどん大島家,134.06037,34.319636,〒760-0079,香川県,高松市,松縄町,１０１３−２６,,〒760-0079 香川県 高松市 松縄町 １０１３−２６,https://goo.gl/maps/Svo8b7KnTErFTwfQ8,4.1,181,11,00,14,30,11,00,14,30,11,00,14,30,11,00,14,30,定休日,,,,11,00,14,30,11,00,14,30
黒田屋うどん 西インター店,134.000382,34.293068,〒761-8044,香川県,高松市,円座町,３７５−３,,〒761-8044 香川県 高松市 円座町 ３７５−３,https://goo.gl/maps/P6eaBYWESuwGQzHX8,3.6,774,10,30,2,30,10,30,2,30,10,30,2,30,10,30,2,30,10,30,2,30,10,30,2,30,10,30,2,30
ハレクモ商店,134.088275,34.345184,〒761-0113,香川県,高松市,屋島西町,２１０５−８,,〒761-0113 香川県 高松市 屋島西町 ２１０５−８,,,,,,,,,,,,,,,,,,,,,,,,,,,,,,,
さぬき麺市場 高松郷東店,134.016419,34.344994,〒761-8031,香川県,高松市,郷東町,１４７,,〒761-8031 香川県 高松市 郷東町 １４７,https://goo.gl/maps/3AZtrJwAALYKWAZZ7,3.6,672,6,00,20,45,6,00,20,45,6,00,20,45,6,00,20,45,6,00,20,45,6,00,20,45,6,00,20,45
手打ちうどん つばめ,134.113184,34.338378,〒761-0104,香川県,高松市,高松町,１８２５−２,,〒761-0104 香川県 高松市 高松町 １８２５−２,https://goo.gl/maps/7fDeRWAaZd9QSJLq8,4.0,104,11,00,15,00,11,00,14,00,11,00,14,00,11,00,14,00,11,00,14,00,11,00,14,00,11,00,15,00
國安うどん,134.053535,34.29946,〒761-8075,香川県,高松市,多肥下町,１５８３−３,,〒761-8075 香川県 高松市 多肥下町 １５８３−３,https://goo.gl/maps/YjPDxJk8au3ABa2t8,3.8,184,11,00,17,00,11,00,15,00,11,00,15,00,定休日,,,,11,00,15,00,11,00,15,00,11,00,17,00
手打うどん生そば 小島,134.073492,34.343836,〒760-0066,香川県,高松市,福岡町,３丁目１６−２９,,〒760-0066 香川県 高松市 福岡町 ３丁目１６−２９,https://goo.gl/maps/hj3AoPoDs9JzPCvV9,3.8,163,定休日,,,,11,00,16,00,11,00,16,00,11,00,16,00,11,00,16,00,11,00,16,00,11,00,16,00
うどん 松ゆき,133.690565,34.223206,〒769-1102,香川県,三豊市,詫間町松崎,２７８０−２５６,,〒769-1102 香川県 三豊市 詫間町松崎 ２７８０−２５６,https://goo.gl/maps/Jnab8vJZfpy9NoUg8,4.2,296,10,00,15,00,10,00,15,00,定休日,,,,10,00,15,00,10,00,15,00,10,00,15,00,10,00,15,00
手打ちうどん 宝山亭,134.008129,34.23998,〒761-1404,香川県,高松市,香南町横井,１０１５−２,,〒761-1404 香川県 高松市 香南町横井 １０１５−２,https://goo.gl/maps/ZrYPpCzUjURpGqoZ9,4.1,275,11,00,18,30,定休日,,,,11,00,18,30,11,00,18,30,11,00,18,30,11,00,18,30,11,00,18,30
うどんの田中,134.073977,34.292896,〒761-0301,香川県,高松市,林町,４５５−３,,〒761-0301 香川県 高松市 林町 ４５５−３,https://goo.gl/maps/grT8EhjaJ877KSRU6,3.2,225,10,30,17,00,10,00,20,00,10,30,17,00,10,30,17,00,10,30,17,00,10,30,17,00,10,30,17,00
さぬき麺市場 伏石店,134.062669,34.307045,〒761-8071,香川県,高松市,伏石町,２１４９−１６,,〒761-8071 香川県 高松市 伏石町 ２１４９−１６,https://goo.gl/maps/5JoQFaHHYGmJCYDq5,3.7,535,9,00,21,00,10,00,21,00,10,00,21,00,10,00,21,00,10,00,21,00,9,00,21,00,9,00,21,00
こんぴらうどん 工場店,133.816479,34.189554,〒766-0001,香川県,仲多度郡琴平町,,６８０,,〒766-0001 香川県 仲多度郡琴平町  ６８０,https://goo.gl/maps/7D5oiSG899pTB9Mc8,4.1,405,8,00,16,00,8,00,16,00,定休日,,,,定休日,,,,8,00,16,00,8,00,16,00,8,00,16,00
頂うどん 握goo,134.036457,34.307543,〒761-8056,香川県,高松市,上天神町,７５７,,〒761-8056 香川県 高松市 上天神町 ７５７,,,,,,,,,,,,,,,,,,,,,,,,,,,,,,,
うまじ家 豊浜店,133.640099,34.085207,〒769-1601,香川県,観音寺市,豊浜町姫浜,８３−１,,〒769-1601 香川県 観音寺市 豊浜町姫浜 ８３−１,https://goo.gl/maps/8FNcZwEbGGq9REnF9,4.3,500,10,00,14,00,10,00,14,00,10,00,14,00,定休日,,,,10,00,14,00,10,00,14,00,10,00,14,00
あなぶき家 津田の松原SA（下り線）,134.264335,34.275267,〒769-2402,香川県,さぬき市,津田町鶴羽,９３９−１,,〒769-2402 香川県 さぬき市 津田町鶴羽 ９３９−１,,,,,,,,,,,,,,,,,,,,,,,,,,,,,,,
細麺うどん やま家,134.080611,34.318182,〒760-0080,香川県,高松市,木太町,４０５７−１,,〒760-0080 香川県 高松市 木太町 ４０５７−１,https://goo.gl/maps/9o2PveqKHLyYwXxz7,3.7,63,10,30,14,30,10,30,14,30,10,30,14,30,10,30,14,30,定休日,,,,10,30,14,30,10,30,14,30
